Wall time,Step,Value
1634194217.0321224,13000,321.0
1634194912.055534,13100,322.0
1634195602.1251771,13200,324.0
1634196320.4768608,13300,326.0
1634197010.9693763,13400,328.0
1634197729.1617217,13500,330.0
1634198421.3563685,13600,332.0
1634199114.3046458,13700,334.0
1634199831.579611,13800,335.0
1634200524.3671634,13900,337.0
1634201215.4871926,14000,339.0
1634201935.1158297,14100,341.0
1634202627.4127657,14200,343.0
1634203342.8794277,14300,345.0
